state,city_key,latitude,longitude
TX,HANKAMER,29.8582755,-94.6268618
NY,IRVING,42.5675589,-79.1128169
VA,DOSWELL,37.8601402,-77.4641492
VA,WOODFORD,38.1131886,-77.4088708
NC,HAMPTONVILLE,36.0984684,-80.760345
TN,ANTIOCH,36.0600602,-86.6722192
MS,BELDEN,34.3103831,-88.7883888
VA,HENRICO,37.5131191,-77.3465081
TX,CHAPPELL HILL,30.141529,-96.2567185
TN,HEISKELL,36.081816,-84.0539821
TN,CEDAR GROVE,36.2517196,-86.5277724
LA,AMITE,30.7265747,-90.5089815
TN,PIONEER,36.4175798,-84.3140995
GA,ELLENWOOD,33.6101096,-84.287978
TN,HURRICANE MILLS,35.9711736,-87.781969
GA,ELLABELL,32.1235368,-81.4856673
GA,MACON,32.8406946,-83.6324022
SC,LEESVILLE,33.916532,-81.5134368
TN,NASHVILLE,36.1622767,-86.7742984
OH,NORTH JACKSON,41.1001272,-80.8571741
TX,ROANS PRAIRIE,30.5836549,-95.943324
MO,BOIS D ARC,37.2564382,-93.507696
SC,BATESBURG,33.9079201,-81.5473262
AL,KNOXVILLE,33.5917715,-85.8971885
TN,HARTFORD,35.8167646,-83.1432066
OK,S COFFEYVILLE,36.9945248,-95.6202552
OK,PRYOR,36.3084275,-95.3169136
AL,EASTABOGA,33.6059367,-86.0213587
LA,BETHANY,32.3737683,-94.0379649
KY,LEXINGTON,38.0464066,-84.4970393
KY,WADDY,38.1370153,-85.0743978
TX,MAXWELL,29.881897,-97.7956423
AL,IRVINGTON,30.5068623,-88.2338925
MO,RIDGEDALE,36.5039535,-93.2237919
AL,FACKLER,34.7925827,-85.9099775
TN,KODAK,35.9745323,-83.6268396
TX,WALL,31.3743455,-100.30366
AZ,DEWEY,34.5297551,-112.2421149
WI,COLGATE,43.1928301,-88.2067737
OH,ALVADA,41.0503322,-83.4018693
MD,WESTOVER,38.1240114,-75.7063171
WV,KEARNEYSVILLE,39.3881556,-77.8855516
VA,RUTHER GLEN,37.9408753,-77.4618647
MD,NOTTINGHAM,39.3639964,-76.4521842
NM,PUEBLO OF ACOMA,34.8960604,-107.5819746
NC,SUPPLY,34.0176717,-78.267499
MS,LAWRENCE,31.5129753,-90.1205396
MI,NEWPORT,42.0022672,-83.3085419
VA,CROSS JUNCTION,39.3203785,-78.2933382
NV,MOAPA,36.75295,-114.648614
GA,MIDLAND,32.5748608,-84.827152
TN,JOELTON,36.3131076,-86.8652772
NM,CASA BLANCA,35.046318,-107.4713938
NM,TINNIE,33.3705561,-105.2263673
AR,HOT SPRINGS NATIONAL PARK,34.5290712,-93.0301402
SC,ROUND O,32.9371151,-80.5409352
MD,NEWBURG,38.3773478,-76.9533055
ID,BOISE,43.6166163,-116.200886
GA,FORTSON,33.3778914,-84.2888119
IL,EDWARDS,38.410254,-88.0584362
AR,WEST HELENA,34.5440124,-90.6426195
NJ,ELIZABETHPORT,40.6501031,-74.1870888
MI,NEW BOSTON,42.1625408,-83.4029885
VA,TOWNSEND,37.1849815,-75.958473
NC,WINNABOW,34.1493374,-78.0936046
NM,CLINES CORNERS,35.0094982,-105.66918
FL,SAINT JOHNS,29.9032284,-81.4145468
WI,LARSEN,44.1916501,-88.623999
VA,GLADSTONE,37.5468094,-78.8494619
NC,LINWOOD,35.7506938,-80.3178306
OH,DIAMOND,41.0989463,-81.022871
CO,DUMONT,39.7646887,-105.600337
NY,NEW HAMPTON,41.4098658,-74.4117435
NV,JEAN,35.7788568,-115.3243823
MD,MILLERSVILLE,39.0595542,-76.6480219
KY,MIDDLESBORO,36.6072968,-83.7143317
AZ,WILLOW BEACH,35.8697801,-114.6600654
MD,CURTIS BAY,39.2252188,-76.5900312
IN,SAINT CROIX,38.2239531,-86.5863387
MI,SAWYER,41.8853207,-86.5894666
IN,GROVERTOWN,41.3750434,-86.5047339
MI,OTTAWA LAKE,41.7641517,-83.7493869
WV,TEAYS,38.4417571,-81.9529125
CO,CANON CITY,38.4422506,-105.2348795
VA,QUINTON,37.5327893,-77.1154448
FL,SUMMERFIELD,29.0085924,-82.0348092
TX,LENORAH,32.30456,-101.8762483
VA,RAPHINE,37.9373548,-79.2328102
TN,DENMARK,35.5328546,-89.003952
PA,GREENTOWN,41.321755,-75.3054585
PA,TAFTON,41.404534,-75.1829535
GA,RABUN GAP,34.9572143,-83.3864536
NJ,MONROE TOWNSHIP,40.335756,-74.4334464
PA,BLAKESLEE,41.0925133,-75.5926681
PA,DRUMS,41.018139,-75.9949252
MA,NORTH OXFORD,42.1500947,-71.8684054
PA,LAKE ARIEL,41.4539745,-75.382681
VA,LAMBSBURG,36.5854078,-80.7611817
WV,MOUNT NEBO,39.6023047,-79.7078303
KY,GLENDALE,37.6017278,-85.9055189
NY,WEST COXSACKIE,42.3606399,-73.8167921
VA,CLEAR BROOK,39.2564912,-78.096111
WV,IVYDALE,38.310097,-81.7045688
MT,MILLTOWN,46.8712952,-113.8817192
MI,SMITHS CREEK,42.9139187,-82.6038085
ND,GRASSY BUTTE,47.3952923,-103.2490767
NY,HOGANSBURG,44.9739364,-74.6632416
VA,LANEXA,37.4237573,-76.9010753
FL,MC ALPIN,30.1396324,-82.9440642
MA,NORTH BILLERICA,42.5852621,-71.2877645
VA,CHESTERFIELD,37.3859982,-77.578509
VA,GUM SPRING,37.7755262,-77.8968114
MI,MIDDLETON,43.1833659,-84.7088895
NY,GLENMONT,42.604802,-73.7695658
VA,ROCKVILLE,37.7259779,-77.6783239
MA,BRIDGEWATER,41.9902206,-70.9754432
NY,GANSEVOORT,43.1962051,-73.6513967
VA,ROSEDALE,36.9592782,-81.9312351
KY,ISOM,37.1878764,-82.8987718
KY,PENDLETON,38.6914606,-84.3689142
TX,ORLA,31.8250149,-103.9090099
VA,SKIPPERS,36.6118169,-77.5466463
NC,CANDLER,35.5444359,-82.6838032
GA,RISING FAWN,34.7600791,-85.531076
WI,FRANKSVILLE,42.7600188,-87.9134133
VA,PROVIDENCE FORGE,37.4424264,-77.0439583
PA,FEASTERVILLE TREVOSE,40.1514065,-74.9886785
NH,WEST CHESTERFIELD,42.9042482,-72.5156447
VA,TROY,37.9509737,-78.2463934
NY,CASTLE CREEK,42.2275753,-75.918253
PA,ETTERS,40.2245912,-76.8980809
PA,MIDDLEBURY CENTER,41.8436841,-77.2744202
PA,MONROETON,41.7125751,-76.4746649
PA,BROGUE,39.8723546,-76.4846387
PA,BREEZEWOOD,39.9990119,-78.2404221
MD,HUNT VALLEY,39.4962709,-76.6542571
PA,WATERFALL,40.1275826,-78.0627822
MA,NEWTON LOWER FALLS,42.3258005,-71.2563409
NY,HARPURSVILLE,42.1784124,-75.6246298
CT,MILLDALE,41.5661372,-72.8999672
